Id,Naziv
732,24-satna impedanca za djecu
733,24-satna pHmetrija za djecu
1608,AB indeks
861,Abdominalna kirurgija - elektivni zahvati
863,Abdominalna kirurgija - malignomi
862,Abdominalna kirurgija - nemaligne bolesti
791,Adaptometrija
937,Akrilatne grizne ploče 
1230,Akupunktura
16,Alergologija i klinička imunologija - Kontrolni pregled
15,Alergologija i klinička imunologija - Prvi pregled
1389,Alergologija i klinička imunologija - konzultacija bez pacijenta
765,"Alergološki kožni testovi na lijekove, opnokrilce i cijepiva za djecu"
450,Alergotest na alimentarne alergene
763,Alergotest na alimentarne alergene za djecu
449,Alergotest na inhalatorne alergene
764,Alergotest na standardne inhalatorne alergene za djecu
453,Algologija - kontrolni pregled
452,Algologija - prvi pregled
1397,Alkoholizam i druge ovisnosti - konzultacija bez pacijenta
967,Alveotomija
1345,Ambulanta za bol - konzultacije bez pacijenta
1444,Analitička toksikologija - konzultacija bez pacijenta
455,Andrologija - kontrolni pregled
1418,Andrologija - konzultacija bez pacijenta
454,Andrologija - prvi pregled
102,Anesteziologija - Kontrolni pregled
101,Anesteziologija - Prvi pregled
1263,Anesteziologija - konzultacija bez pacijenta
1103,Anesteziologija - ostali postupci
436,Angiolog - kontrolni pregled
435,Angiolog - prvi pregled
736,Anorektalna manometrija za djecu
484,Aortokoronarna venozna premosnica
965,Apikotomija
795,Artroskopija gležnja
487,Artroskopija koljena
798,Artroskopija kuka
797,Artroskopija ramena
796,Artroskopija ručnog zgloba
89,Audiologija - Kontrolni pregled
88,Audiologija - Prvi pregled
1426,Audiologija - konzultacija bez pacijenta
1398,Biologijska psihijatrija - konzultacija bez pacijenta
789,Biometrija
731,Biopsija jetre djece
723,Biopsija kože
710,Bris uretre na HPV virus
738,Bronhoprovokacijski test metakolinom za djecu
575,Bronhoskopija
933,CT abdomena 
932,CT abdomena i zdjelice 
883,CT angiografija abdomena
931,CT angiografija abdominalne aorte
930,CT angiografija abdominalne aorte i zdjeličnih arterija
929,CT angiografija donjih ekstremiteta
928,CT angiografija glave i/ili vrata
927,CT angiografija gornjih ekstremiteta
882,CT angiografija kralježnice
884,CT angiografija prsnog koša
926,CT aorte 
925,CT aortografija ili kavografija
886,CT biligrafija
924,CT bronhoskopija
923,CT calcium scoring
922,CT cervikalne kralježnice 
921,CT cistografija
881,CT dentascan
885,CT fistulografija
920,CT gležnja
919,CT irigografija
917,CT koljena
918,CT kolonoskopija
916,CT koronarografija
915,CT kostiju glave 
914,CT kostiju lica 
913,CT lakta 
912,CT lumbosakralne kralježnice 
911,CT mekih tkiva vrata 
910,CT mijelografija
115,CT mozga
909,CT mozga sa stereotaksijom
908,CT nadlaktice 
907,CT natkoljenice
906,CT neuronavigacija
905,CT orbita 
904,CT paranazalnih sinusa 
887,CT pasaža
903,CT perfuzija
902,CT piramida
901,CT podlaktice 
900,CT potkoljenice 
899,CT prsnog koša 
898,CT pulmonalna angiografija
897,CT ramenog zgloba 
896,CT ručnog zgloba 
895,CT srednjeg uha i temporalne kosti 
894,CT stopala 
892,CT torakalne kralježnice 
891,CT toraksa i abdomena 
890,"CT toraksa, abdomena i zdjelice "
889,CT urografija
888,CT zdjelice 
1135,CT zgloba kuka
893,CT šake 
1505,Citološka analiza urina
1043,Citološka punkcija tvorbe mekog tkiva
1465,DJELATNOSTI POLIKLINIČKO-KONZILIJARNE ZDRAVSTVENE ZAŠTITE - generalni kontakt ustanova
1466,DJELATNOSTI STACIONARNE ZDRAVSTVENE ZAŠTITE - generalni kontakt ustanova
788,Dakriocistorinostomija
554,Defektologija - Kontrolni pregled
553,Defektologija - Prvi pregled
108,Dentalna patologija i endodoncija - Kontrolni pregled
107,Dentalna patologija i endodoncija - Prvi pregled
1266,Dentalna patologija i endodoncija - konzultacija bez pacijenta
1106,Dentalna patologija i endodoncija - ostali postupci
938,Dentalna protektika - kontrolni pregled
939,Dentalna protektika - prvi pregled
564,Denzitometrija
467,Dermatologija - kontrolni pregled
466,Dermatologija - prvi pregled
1248,Dermatologija i venerologija - konzultacija bez pacijenta
1088,Dermatologija i venerologija - ostali postupci
465,Dermatološka onkologija - kontrolni pregled
1391,Dermatološka onkologija - konzultacija bez pacijenta
464,Dermatološka onkologija - prvi pregled
565,Dermatoskopija
62,Digestivna (abdominalna) kirurgija - Kontrolni pregled
61,Digestivna (abdominalna) kirurgija - Prvi pregled
1412,Digestivna (abdominalna) kirurgija - konzultacija bez pacijenta
457,Dijabetologija - kontrolni pregled
1325,Dijabetologija - konzultacija bez pacijenta
456,Dijabetologija - prvi pregled
36,Dječja i adolescentna psihijatrija - Kontrolni pregled
35,Dječja i adolescentna psihijatrija - Prvi pregled
1396,Dječja i adolescentna psihijatrija - konzultacija bez pacijenta
70,Dječja kirurgija - Kontrolni pregled
69,Dječja kirurgija - Prvi pregled
1255,Dječja kirurgija - konzultacija bez pacijenta
1095,Dječja kirurgija - ostali postupci
584,Dječja oftalmologija - kontrolni pregled
583,Dječja oftalmologija - prvi pregled
1430,Dječja oftalmologija i strabologija - konzultacija bez pacijenta
85,Dječja ortopedija - Kontrolni pregled
84,Dječja ortopedija - Prvi pregled
1423,Dječja ortopedija - konzultacija bez pacijenta
1440,Dječja stomatologija - konzultacija bez pacijenta
1203,Dječja stomatologija - ostali postupci
1225,Dnevna bolnica - ORL
1214,Dnevna bolnica - endokrinologija
1215,Dnevna bolnica - hematologija
1216,Dnevna bolnica - imunologija
1217,Dnevna bolnica - infektologija
1218,Dnevna bolnica - internistička
1219,Dnevna bolnica - internistička onkologija
1220,Dnevna bolnica - kirurgija
1221,Dnevna bolnica - nefrologija
1222,Dnevna bolnica - neurologija
1223,Dnevna bolnica - oftalmologija
1224,Dnevna bolnica - onkologija
1226,Dnevna bolnica - ortopedija
1227,Dnevna bolnica - pedijatrija
1228,Dnevna bolnica - psihijatrija
1229,Dnevna bolnica - urologija
953,Dojka (onkologija) - kontrolni pregled
961,Dojka (onkologija) - prvi pregled
1209,Dugotrajno liječenje - ostali postupci
446,EEG - Elektroencefalografija
730,EEG - nakon neprospavane noći za djecu
1037,EEG - nakon neprospavane noći za odraslog
1038,EEG - nakon parcijalne deprivacije spavanja
1048,EEG - poligrafija
476,EKG
442,EMG - Elektromiografija
443,EMNG - Elektromioneurografija
726,EMNG - Elektromioneurografija za djecu
745,Edukacija za čistu intermitentnu kateterizaciju za djecu
722,Ekscizija kožne lezije
714,Ekspozicijski test na lijekove
966,Ekstrakcija
721,Elektrokoagulacija kožne lezije
787,Elektrookulografija
786,Elektroretinografija 
725,Elektroretinografija za djecu
18,Endokrinologija - Kontrolni pregled
17,Endokrinologija - Prvi pregled
1305,Endokrinologija - konzultacija bez pacijenta
848,Endokrinološka kirurgija – kontrolni pregled
852,Endokrinološka kirurgija – prvi pregled
1019,Endoskopija ORL
716,Epikutani alergotest
445,Ergometrija 
758,Ergometrija za djecu
739,Ergospirometrija za djecu
448,FENO test
741,FENO test - frakcija izdahnutog NO za djecu
471,Farmakologija - kontrolni pregled
470,Farmakologija - prvi pregled
1433,Fetalna medicina i opstetricija - konzultacija bez pacijenta
28,Fizikalna medicina i rehabilitacija - Kontrolni pregled
27,Fizikalna medicina i rehabilitacija - Prvi pregled
1249,Fizikalna medicina i rehabilitacija - konzultacija bez pacijenta
1089,Fizikalna medicina i rehabilitacija - ostali postupci
589,Fluoresceinska angiografija retine
91,Fonijatrija - Kontrolni pregled
90,Fonijatrija - Prvi pregled
1447,Fonijatrija - konzultacija bez pacijenta
1394,Forenzička psihijatrija - konzultacija bez pacijenta
718,Fotodinamska terapija kožnih lezija
785,Fotografiranje očne pozadine
717,Fototerapija kožnih bolesti
8,Gastroenterologija - Kontrolni pregled
7,Gastroenterologija - Prvi pregled
1326,Gastroenterologija - konzultacija bez pacijenta
949,Gastrointestinalno sijelo (onkologija) - kontrolni pregled
957,Gastrointestinalno sijelo (onkologija) - prvi pregled
481,Gastroskopija
735,Gastroskopija za djecu
1262,Ginekologija i opstetricija - konzultacija bez pacijenta
1102,Ginekologija i opstetricija - ostali postupci
459,Ginekologija opća - kontrolni pregled
458,Ginekologija opća - prvi pregled
98,Ginekološka onkologija - Kontrolni pregled
97,Ginekološka onkologija - Prvi pregled
1435,Ginekološka onkologija - konzultacija bez pacijenta
951,Ginekološko sijelo (onkologija) - kontrolni pregled
959,Ginekološko sijelo (onkologija) - prvi pregled
567,Glaukom - kontrolni pregled
566,Glaukom - prvi pregled
1431,Glaukomatologija - konzultacija bez pacijenta
947,Glava i vrat (onkologija) - kontrolni pregled
955,Glava i vrat (onkologija) - prvi pregled
12,Hematologija - Kontrolni pregled
11,Hematologija - Prvi pregled
1387,Hematologija - konzultacija bez pacijenta
1446,Hemodijaliza - konzultacija bez pacijenta
1206,Hemodijaliza - ostali postupci
438,Hernija preponska - operacija
647,Hiperbarična oksigenoterapija
1202,Hiperbarična oksigenoterapija - ostali postupci
1201,Hitna medicina (OHBP) - ostali postupci
483,Holter EKG
444,Holter tlaka (KMAT)
562,"Hormoni štitnjače (T3, T4, TSH)"
96,Humana reprodukcija - Kontrolni pregled
95,Humana reprodukcija - Prvi pregled
1434,Humana reprodukcija - konzultacija bez pacijenta
700,IVF/IVCSI sekundarni
702,IVF/IVCSI u stimuliranom ciklusu-blagi protokol
701,IVF/IVCSI u stimuliranom ciklusu-standardni protokol
705,Imunofluorescencijske pretrage kože
463,Infektologija - kontrolni pregled
1246,Infektologija - konzultacija bez pacijenta
1086,Infektologija - ostali postupci
462,Infektologija - prvi pregled
866,Infuzijska urografija
2,Interna medicina - Kontrolni pregled
1,Interna medicina - Prvi pregled
1245,Interna medicina - konzultacija bez pacijenta
1085,Interna medicina - ostali postupci
20,Internistička  onkologija - Kontrolni pregled
19,Internistička  onkologija - Prvi pregled
1328,Internistička onkologija - konzultacija bez pacijenta
948,Intratorakalno sijelo (onkologija) - kontrolni pregled
956,Intratorakalno sijelo (onkologija) - prvi pregled
790,Intravitrealna injekcija
784,Ispitivanje kolornog vida 
64,Kardijalna kirurgija - Kontrolni pregled
63,Kardijalna kirurgija - Prvi pregled
1413,Kardijalna kirurgija - konzultacija bez pacijenta
4,Kardiologija - Kontrolni pregled
3,Kardiologija - Prvi pregled
572,Kardiologija - aritmije srca - kontrolni pregled
571,Kardiologija - aritmije srca - prvi pregled
574,Kardiologija - hipertenzija - kontrolni pregled
573,Kardiologija - hipertenzija - prvi pregled
1385,Kardiologija - konzultacija bez pacijenta
94,Katarakta - operacija
944,Kemoterapija - ambulantna
856,Kemoterapija - hospitalna
851,Kirurgija dojke – kontrolni pregled
855,Kirurgija dojke – prvi pregled
849,Kirurgija paratireoidnih žlijezda – kontrolni pregled
853,Kirurgija paratireoidnih žlijezda – prvi pregled
1429,Kirurgija vjeđa i orbite - konzultacija bez pacijenta
850,Kirurgija štitnjače – kontrolni pregled
854,Kirurgija štitnjače – prvi pregled
1416,Kirurška onkologija - konzultacija bez pacijenta
1273,Klinička citologija - konzultacija bez pacijenta
1113,Klinička citologija - ostali postupci
1252,Klinička farmakologija - konzultacija bez pacijenta
1437,Klinička farmakologija - konzultacija bez pacijenta
1092,Klinička farmakologija - ostali postupci
1438,Klinička psihologija - konzultacija bez pacijenta
482,Kolonoskopija
1146,Kolonoskopija u sklopu nacionalnih preventivnih programa
734,Kolonoskopija za djecu
577,Konaktne leće - prvi pregled
578,Kontaktne leće - kontrolni pregled 
1666,Kontrastna mamografija
985,Kontrolni pregled pacijenta u ortodontskoj terapiji
809,Kontrolni pregled psihologa za djecu
836,Kontrolni pregled za bolesti metabolizma - poremećaj lipida
485,Koronarografija
720,Krioterapija kožne lezije
1211,Kronične dječje bolesti - ostali postupci
1210,Kronične duševne bolesti - ostali postupci
1212,Kronične plućne bolesti - ostali postupci
782,Laserska fotokoagulacija retine - jedno oko
1031,Logopedija - kompleksna  terapija
550,Logopedija - kontrolni pregled
1439,Logopedija - konzultacija bez pacijenta
549,Logopedija - prvi pregled
1032,Logopedija - savjetovanje u rehabilitaciji
1045,Logopedija - složena obrada
1030,Logopedska terapija kod odraslog
807,Logopedska terapija za djecu
498,MR abdomena 
532,MR angiografija abdomena
534,MR angiografija donjih okrajina
526,MR angiografija gornjeg ekstremiteta
524,MR angiografija i karakterizacija plakova krvnih žila 
529,MR angiografija kralježnice
527,MR angiografija prsnoga koša
530,MR angiografija spinalnog kanala
525,MR angiografija vrata 
533,MR angiografija zdjelice
531,MR aortografija ili kavografija
518,MR artrografija
519,MR artroskopija
507,MR bubrega 
116,MR cervikalne kralježnice
496,MR dojke 
515,MR donjih ekstremiteta
521,MR fetusa
514,MR gornjih ekstremiteta 
502,MR gušterače 
592,MR hipofize
752,MR jačine 3T
517,MR jednog velikog zgloba
500,MR jetre 
501,MR kolangiopankreatografija
1233,MR koljena
505,MR kolonografija s enteroklizom
504,MR kolonoskopija
528,MR koronarografija
492,MR kostiju glave
118,MR lumbosakralne kralježnice
1606,MR medijastinuma
513,MR mekih tkiva 
523,MR mijelografija
488,MR mozga 
1134,MR mozga s TOF angiografijom
1131,MR mozga s angiografijom mozga
1132,MR mozga sa spektroskopijom
1133,MR mozga za GAMMA KNIFE
508,MR nadbubrežne žlijezde 
520,MR neonatusa
490,MR orbita 
499,MR organa gornjeg abdomena 
511,MR organa zdjelice 
491,MR paranazalnih sinusa 
489,MR piramida temporalne kosti
512,MR prostate 
495,MR prsnoga koša 
509,MR retroperitoneuma s prikazom limfnih čvorova 
493,MR sijalografija
503,MR slezene 
522,MR spektroskopija koštane srži
497,MR srca
516,MR stopala ili šake 
117,MR torakalne kralježnice
506,MR urografija 
494,MR vrata 
510,MR zdjelice
74,Maksilofacijalna kirurgija - Kontrolni pregled
73,Maksilofacijalna kirurgija - Prvi pregled
1257,Maksilofacijalna kirurgija - konzultacija bez pacijenta
1011,Maksilofacijalna kirurgija - mali zahvat
1097,Maksilofacijalna kirurgija - ostali postupci
1009,Maksilofacijalna kirurgija - srednje velik zahvat u lokalnoj anesteziji 
1010,Maksilofacijalna kirurgija - srednje velik zahvat u općoj anesteziji 
962,Mali oralnokirurški zahvati na mekim i tvrdim tkivima
964,Mali oralnokirurški zahvati na mekim tkivima
963,Mali oralnokirurški zahvati na tvrdim tkivima
474,Mamografija
1147,Mamografija u sklopu nacionalnih preventivnih programa
1274,Medicinska biokemija - konzultacija bez pacijenta
1114,Medicinska biokemija - ostali postupci
1407,Medicinska genetika - konzultacija bez pacijenta
1443,Medicinska mikrobiologija s parazitologijom - konzultacija bez pacijenta
1204,Medicinska mikrobiologija s parazitologijom - ostali postupci
709,Mikološka pretraga kože
834,Mjerenje očnog tlaka
968,Nagrizna udlaga/palatinalna ploča
833,Naočale - određivanje dioptrije
986,Nastavak terapije novom napravom
10,Nefrologija - Kontrolni pregled
9,Nefrologija - Prvi pregled
1386,Nefrologija - konzultacija bez pacijenta
72,Neurokirurgija - Kontrolni pregled
71,Neurokirurgija - Prvi pregled
1256,Neurokirurgija - konzultacija bez pacijenta
1096,Neurokirurgija - ostali postupci
32,Neurologija - Kontrolni pregled
31,Neurologija - Prvi pregled
570,Neurologija - glavobolje - kontrolni pregled
569,Neurologija - glavobolje - prvi pregled
1250,Neurologija - konzultacija bez pacijenta
1090,Neurologija - ostali postupci
586,Neurooftalmologija - kontrolni pregled
1432,Neurooftalmologija - konzultacija bez pacijenta
585,Neurooftalmologija - prvi pregled
1029,Nistagmografija
120,Nuklearna medicina - Kontrolni pregled
119,Nuklearna medicina - Prvi pregled
1050,Nuklearna medicina - hospitalizacija
1271,Nuklearna medicina - konzultacija bez pacijenta
1111,Nuklearna medicina - ostali postupci
1486,Nutricionistična/Dijetetička obrada - Kontrolni pregled
1485,Nutricionistična/Dijetetička obrada - Prvi pregled
781,OCT (optička koherentna tomografija)
1005,ORL - srednje velik zahvat u lokalnoj anesteziji 
1006,ORL - srednje velik zahvat u općoj anesteziji 
568,Oftalmokirurgija - mali zahvat
93,Oftalmologija - Kontrolni pregled
92,Oftalmologija - Prvi pregled
1261,Oftalmologija - konzultacija bez pacijenta
1101,Oftalmologija - ostali postupci
588,Oftalmoplastika i bolesti orbite - kontrolni pregled
587,Oftalmoplastika i bolesti orbite - prvi pregled
1247,Onkologija i radioterapija - konzultacija bez pacijenta
1087,Onkologija i radioterapija - ostali postupci
780,Operacija ablacije retine - konvencionalna
779,Operacija strabizma
806,Operacije ligamenata zgloba koljena
805,Operacije natkoljenice
804,Operacije potkoljenice
803,Operacije zgloba gležnja i stopala
801,Operacije zgloba lakta
802,Operacije zgloba ramena i nadlaktice
800,Operacije šake i podlaktice
461,Opstetricija - kontrolni pregled
460,Opstetricija - prvi pregled
56,Opća kirurgija - Kontrolni pregled
55,Opća kirurgija - Prvi pregled
845,Opća kirurgija - elektivni zahvati
1254,Opća kirurgija - konzultacija bez pacijenta
847,Opća kirurgija - malignomi
846,Opća kirurgija - nemaligne bolesti
1094,Opća kirurgija - ostali postupci
1208,Opći stacionar u skzz - ostali postupci
114,Oralna kirurgija - Kontrolni pregled
113,Oralna kirurgija - Prvi pregled
1269,Oralna kirurgija - konzultacija bez pacijenta
1109,Oralna kirurgija - ostali postupci
110,Oralna patologija - Kontrolni pregled
109,Oralna patologija - Prvi pregled
1267,Oralna patologija - konzultacija bez pacijenta
1107,Oralna patologija - ostali postupci
106,Ortodoncija - Kontrolni pregled
105,Ortodoncija - Prvi pregled
1265,Ortodoncija - konzultacija bez pacijenta
1105,Ortodoncija - ostali postupci
870,Ortopan
78,Ortopedija - Kontrolni pregled
77,Ortopedija - Prvi pregled
1259,Ortopedija - konzultacija bez pacijenta
1099,Ortopedija - ostali postupci
778,Ortoptičko-pleoptičke vježbe
946,Ostala sijela i rijetki tumori (onkologija) - kontrolni pregled
954,Ostala sijela i rijetki tumori (onkologija) - prvi pregled
87,Otorinolaringologija - Kontrolni pregled
86,Otorinolaringologija - Prvi pregled
1260,Otorinolaringologija - konzultacija bez pacijenta
1051,Otorinolaringologija - mali zahvat
1100,Otorinolaringologija - ostali postupci
1507,PCR testiranje na COVID-19
1125,PET/CT
1049,Pacemaker - kontrola
1213,Palijativna skrb - ostali postupci
708,Parazitološka pretraga kože
112,Parodontologija - Kontrolni pregled
111,Parodontologija - Prvi pregled
1268,Parodontologija - konzultacija bez pacijenta
1108,Parodontologija - ostali postupci
704,Patohistološka analiza kožne lezije
1445,Patohistološka dijagnostika - konzultacija bez pacijenta
1205,Patohistološka dijagnostika - ostali postupci
38,Pedijatrija - Kontrolni pregled
37,Pedijatrija - Prvi pregled
1253,Pedijatrija - konzultacija bez pacijenta
1093,Pedijatrija - ostali postupci
557,Pedijatrijska EEG - Elektroencefalografija
1408,Pedijatrijska alergologija i klinička imunologija - konzultacija bez pacijenta
54,Pedijatrijska alergologija/imunologija - Kontrolni pregled
53,Pedijatrijska alergologija/imunologija - Prvi pregled
556,Pedijatrijska algologija - Kontrolni pregled
555,Pedijatrijska algologija - Prvi pregled
548,Pedijatrijska bolesti metabolizma - kontrolni pregled
26,Pedijatrijska dermatologija - Kontrolni pregled
25,Pedijatrijska dermatologija - Prvi pregled
1390,Pedijatrijska dermatologija - konzultacija bez pacijenta
546,Pedijatrijska dijabetologija - kontrolni pregled
545,Pedijatrijska dijabetologija - prvi pregled
50,Pedijatrijska endokrinologija - Kontrolni pregled
49,Pedijatrijska endokrinologija - Prvi pregled
1441,"Pedijatrijska endokrinologija, dijabetes i bolesti metabolizma - konzultacija bez pacijenta"
629,Pedijatrijska farmakologija - kontrolni pregled
626,Pedijatrijska farmakologija - prvi pregled
46,Pedijatrijska gastroenterologija - Kontrolni pregled
45,Pedijatrijska gastroenterologija - Prvi pregled
1403,Pedijatrijska gastroenterologija - konzultacija bez pacijenta
630,Pedijatrijska genetika - kontrolni pregled
627,Pedijatrijska genetika - prvi pregled
1405,Pedijatrijska hematologija i onkologija - konzultacija bez pacijenta
52,Pedijatrijska hematologija/onkologija - Kontrolni pregled
51,Pedijatrijska hematologija/onkologija - Prvi pregled
559,Pedijatrijska i adolescentna ginekologija - Kontrolni pregled
558,Pedijatrijska i adolescentna ginekologija - Prvi pregled
40,Pedijatrijska kardiologija - Kontrolni pregled
39,Pedijatrijska kardiologija - Prvi pregled
1400,Pedijatrijska kardiologija - konzultacija bez pacijenta
1442,Pedijatrijska klinička farmakologija i toksikologija - konzultacija bez pacijenta
44,Pedijatrijska nefrologija - Kontrolni pregled
43,Pedijatrijska nefrologija - Prvi pregled
1402,Pedijatrijska nefrologija - konzultacija bez pacijenta
1406,Pedijatrijska neonatologija - konzultacija bez pacijenta
42,Pedijatrijska neurologija - Kontrolni pregled
41,Pedijatrijska neurologija - Prvi pregled
1401,Pedijatrijska neurologija - konzultacija bez pacijenta
48,Pedijatrijska pulmologija - Kontrolni pregled
47,Pedijatrijska pulmologija - Prvi pregled
1404,Pedijatrijska pulmologija - konzultacija bez pacijenta
631,Pedijatrijska reumatologija - kontrolni pregled
1409,Pedijatrijska reumatologija - konzultacija bez pacijenta
628,Pedijatrijska reumatologija - prvi pregled
547,Pedijatrijske bolesti metabolizma - prvi pregled
633,Pedijatrijski EKG
632,Pedijatrijski UZV abdomena
1285,Pedijatrijski gastroenterološki UZV
634,Pedijatrijski holter EKG
635,Pedijatrijski holter tlaka (KMAT)
777,Perimetrija (vidno polje) jednog oka
858,Plastična i rekonstruktivna kirurgija - elektivni zahvati
860,Plastična i rekonstruktivna kirurgija - malignomi
859,Plastična i rekonstruktivna kirurgija - nemaligne bolesti
66,Plastična kirurgija - Kontrolni pregled
65,Plastična kirurgija - Prvi pregled
1414,Plastična kirurgija - konzultacija bez pacijenta
1417,Plastična kirurgija glave i vrata - konzultacija bez pacijenta
1425,Plastična kirurgija glave i vrata - konzultacija bez pacijenta
724,Poligrafija za djecu
1231,Polisomnografija
970,Početak ortodontske terapije
582,Prednji očni segment - Kontrolni pregled
581,Prednji očni segment - Prvi pregled
1427,Prednji segment oka - konzultacija bez pacijenta
713,Previjanje rane - flebologija
715,Prick-test (alergologija)
1165,Program Love Your Heart
440,Prostata - TURP
792,Prostata specifični antigen - PSA
934,Proteza - podlaganje
936,Proteza - reokluzija
935,Proteza - reparatura
762,Provokacijski testovi na alergene za djecu
810,Prvi pregled psihologa za djecu
835,Prvi pregled za bolesti metabolizma - poremećaj lipida
827,Psihijatar - individualna psihoterapija
826,Psihijatar - pregled i površinska psihoterapija
825,Psihijatar - pregled i savjetovanje
34,Psihijatrija - Kontrolni pregled
33,Psihijatrija - Prvi pregled
1251,Psihijatrija - konzultacija bez pacijenta
1091,Psihijatrija - ostali postupci
1040,Psiholog - grupna psihoterapija
831,Psiholog - individualna obrada
830,Psiholog - individualna psihoterapija
1041,Psiholog - rehabilitacija kognitivnih funkcija
829,Psiholog - savjetovanje
832,Psiholog - složena individualna obrada
552,Psihologija - Kontrolni pregled
551,Psihologija - Prvi pregled
1399,Psihoonkološka ambulanta - konzultacija bez pacijenta
1393,Psihoterapija - konzultacija bez pacijenta
828,Psihoterapija u grupi
808,Psihoterapija za djecu
6,Pulmologija - Kontrolni pregled
5,Pulmologija - Prvi pregled
1327,Pulmologija - konzultacija bez pacijenta
761,Punkcija koštane srži za djecu
760,Punkcija limfnog čvora za djecu
645,Punkcija zgloba za djecu
695,RTG abdomena stojeći
694,RTG baze lubanje
867,RTG cervikalne i lumbo sakralne kralježnice
692,RTG cervikalne kralježnice
691,RTG cervikalne kralježnice - funkcionalno
693,RTG cervikotorakalnog prijelaza
869,RTG cijele kralježnice
865,RTG glave - specijalna snimka
688,RTG gležnja
687,RTG grudnih organa
686,RTG grudnih organa ležeći
685,RTG hemitoraksa
684,RTG ključne kosti
683,RTG koljena
682,RTG kostiju lica
473,RTG kostiju u dvije projekcije
681,RTG kraniograma
680,RTG kraniograma - Towne
679,RTG kuka
678,RTG lakta
690,RTG lumbosakralne kralježnice
689,RTG lumbosakralne kralježnice - funkcionalno
677,RTG mandibule
868,RTG mastoida
676,RTG mekih tkiva vrata
675,RTG nadlaktice
674,RTG natkoljenice
673,RTG nosnih kostiju
672,RTG orbite
671,RTG paranazalnih sinusa
670,RTG patele
669,RTG petne kosti
864,RTG piramida po Stenversu
668,RTG podlaktice
667,RTG procjena koštane dobi - šaka
666,RTG prsta ruke
665,RTG ramena
664,RTG ručnog zgloba
662,RTG sakroilijakalnih zglobova
663,RTG sakruma i kokcigisa
661,RTG skafoidne kosti
660,RTG skalpule
472,RTG srca i pluća
659,RTG sternuma
658,RTG stopala
656,RTG temporalnih kostiju
655,RTG temporomandibularnih zglobova
654,RTG torakalne kralježnice
653,RTG turskog sedla
652,RTG urotrakta
651,RTG zdjelice
650,RTG zigomatičnih kostiju
719,RTG zračenje kožne lezije
871,RTG zuba
657,RTG šake
1270,Radiologija - konzultacija bez pacijenta
1110,Radiologija - ostali postupci
943,Radioterapija - CT simulacija
945,Radioterapija - ambulantna
857,Radioterapija - hospitalna
942,Radioterapija - klasična simulacija
22,Radioterapija i onkologija - Kontrolni pregled
21,Radioterapija i onkologija - Prvi pregled
940,Radioterapija na kobalt-bombi
941,Radioterapija na linearnom akceleratoru
1036,Razvojna gimnastika
753,Rektoskopija
648,Reparacija umbilikalne hernije
30,Reumatologija (Fizikalna medicina) - Kontrolni pregled
29,Reumatologija (Fizikalna medicina) - Prvi pregled
14,Reumatologija (Interna medicina) - Kontrolni pregled
13,Reumatologija (Interna medicina) - Prvi pregled
1388,Reumatologija - konzultacija bez pacijenta
1392,Reumatologija - konzultacija bez pacijenta
1207,Rodilište - ostali postupci
1024,SEP (slušni evocirani potencijali) kod djeteta
1025,SEP (slušni evocirani potencijali) kod odraslog
969,Skijaskopija
712,Sklerozacija vena
711,Sklerozacija vena pjenom
1012,Skolioza - operacija
1013,Sluh - jednostavno ispitivanje kod djeteta
1014,Sluh - jednostavno ispitivanje kod odraslog
1015,Sluh - složeno ispitivanje kod djeteta
1016,Sluh - složeno ispitivanje kod odraslog
1017,Slušanje - funkcionalna dijagnostika
1023,Slušanje i govor - vježbe
1044,Slušno pomagalo - prilagodba
1018,Slušno pomagalo - provjera funkcionalnosti 
1395,Socijalna psihijatrija - konzultacija bez pacijenta
776,Spekularna mikroskopija
1607,Spermiogram
475,Spirometrija
740,Spirometrija za djecu
775,Srednje zahtjevan oftalmokirurški zahvat u lokalnoj anesteziji
774,Srednje zahtjevan oftalmokirurški zahvat u općoj anesteziji
1033,Stabilometrija kod djeteta
1034,Stabilometrija kod odraslog
1232,Stacionarna rehabilitacija
104,Stomatološka protetika - Kontrolni pregled
103,Stomatološka protetika - Prvi pregled
1264,Stomatološka protetika - konzultacija bez pacijenta
1104,Stomatološka protetika - ostali postupci
580,Stražnji očni segment - kontrolni pregled
579,Stražnji očni segment - prvi pregled
1428,Stražnji segment oka - konzultacija bez pacijenta
1508,Stručna procjena radi ostvarivanja statusa HRVI
1605,Sveobuhvatno gensko profiliranje tumora - kruta biopsija
1665,Sveobuhvatno gensko profiliranje tumora - tekuća biopsija
1039,TCCD (transkranijski kolor dopler) kod odraslog
728,TCCD - transkarnijski color doppler krvnih žila mozga za djecu
1026,TOAE (otoakustička emisija) kod djeteta
1027,TOAE (otoakustička emisija) kod odraslog
773,Teleskopske naočale - određivanje
783,Test na dvoslike
757,Test ortostatskog opterećenja za djecu
439,Tonzile - operacija
60,Torakalna kirurgija - Kontrolni pregled
59,Torakalna kirurgija - Prvi pregled
1411,Torakalna kirurgija - konzultacija bez pacijenta
576,Traheoskopija
1488,Transfuzijska medicina - Kontrolni pregled
1487,Transfuzijska medicina - Prvi pregled
1272,Transfuzijska medicina - konzultacija bez pacijenta
1112,Transfuzijska medicina - ostali postupci
879,Transplantacija amnijske membrane
1419,Transplantacija bubrega - konzultacija bez pacijenta
880,Transplantacija rožnice
58,Traumatologija - Kontrolni pregled
57,Traumatologija - Prvi pregled
1410,Traumatologija - kirurška - konzultacija bez pacijenta
1424,Traumatologija - ortopedska - konzultacija bez pacijenta
772,Trepanotrabekulektomija (operacija glaukoma)
707,Trihogram
477,UZV abdomena
873,UZV color doppler VB sliva i arterije subklavije
875,UZV color doppler arterija
876,UZV color doppler arterija i vena
486,UZV color doppler karotida
877,UZV color doppler karotida i VB sliva
447,UZV color doppler vena
441,UZV dječjeg kuka
478,UZV dojke
1129,UZV doppler AVF dijaliza
1128,UZV doppler bubrežne arterije
1130,UZV doppler tkiva jetre
872,UZV lokomotornog sustava
747,UZV mokraćnog sustava za djecu
729,UZV mozga za djecu
646,UZV muskuloskeletnog sustava za djecu
771,UZV očne jabučice i orbite
698,UZV pazuha
1042,UZV površnih mekih tkiva
697,UZV prepona
874,UZV prostate
696,UZV slinovnica
480,UZV srca
759,UZV srca za djecu
451,UZV testisa 
1126,UZV transplantirane jetre
1127,UZV transplantiranog bubrega
649,UZV urološki
479,UZV vrata
563,UZV štitnjače
83,Ugradnja djelomične endoproteze koljena
80,Ugradnja parcijalne endoproteze kuka
82,Ugradnja totalne endoproteze koljena
79,Ugradnja totalne endoproteze kuka
1021,Umjetna pužnica - kontrolna prilagodba procesora govora
1022,Umjetna pužnica - provjera funkcionalnosti procesora govora
1020,Umjetna pužnica - prva prilagodba procesora govora
1008,Urinski kateter - promjena
1420,Urodinamika i neurourologija - konzultacija bez pacijenta
750,Urodinamika za djecu - invazivna
749,Urodinamika za djecu - neinvazivna
1007,Uroflow
748,Uroflow za djecu
952,Urogenitalno sijelo (onkologija) - kontrolni pregled
960,Urogenitalno sijelo (onkologija) - prvi pregled
100,Uroginekologija - Kontrolni pregled
99,Uroginekologija - Prvi pregled
1436,Uroginekologija - konzultacija bez pacijenta
1421,Urolitijaza - konzultacija bez pacijenta
76,Urologija - Kontrolni pregled
75,Urologija - Prvi pregled
1258,Urologija - konzultacija bez pacijenta
1098,Urologija - ostali postupci
1422,Urološka onkologija - konzultacija bez pacijenta
746,Uroterapija i biofeedback za djecu
1506,Uzimanje aspiracijskih i eksfolijativnih materijala
1625,Uzimanje brisa za dijagnostiku hripavac
1450,Uzimanje uzoraka za laboratorijske pretrage – medicinska biokemija
1449,Uzimanje uzoraka – mikrobiologija
1448,Uzimanje uzoraka – nuklearna medicina
1451,Uzimanje uzoraka – transfuziologija
706,VDRL i TPHA 
1028,VEMP (vestibularni evocirani miogeni potencijali)
770,VEP (vidni evocirani potencijali)
1047,VEP (vidni evocirani potencijali) s kortikalnom kartografijom
68,Vaskularna kirurgija - Kontrolni pregled
67,Vaskularna kirurgija - Prvi pregled
1415,Vaskularna kirurgija - konzultacija bez pacijenta
469,Venerologija - kontrolni pregled
468,Venerologija - prvi pregled
737,Ventolinski test za djecu
1046,Verbotonalni postupci - posebni
1035,Vestibularne vježbe
727,Vidni evocirani potencijali (VEP) za djecu
769,Vitrektomija pars plana
768,Vitrektomijsko vađenje silikonskog ulja
767,YAG laserska iridotomija - jedno oko
766,YAG laserska kapsulotomija - jedno oko
878,Zamjena srčanog zaliska 
81,Zamjena ugrađene endoproteze kuka
950,Živčani sustav (onkologija) - kontrolni pregled
958,Živčani sustav (onkologija) - prvi pregled
437,Žučnjak - laparoskopska operacija
